{"cameraMode":{"drawMode":0,"name":"Shaded","section":"Shading Mode"},"sceneLighting":true,"audioPlay":false,"sceneViewState":{"showFog":true,"showMaterialUpdate":false,"showSkybox":true,"showFlares":true,"showImageEffects":true,"showParticleSystems":true},"in2DMode":false,"pivot":{"x":28.474365234375,"y":6.193168640136719,"z":32.98457336425781},"rotation":{"x":-0.10937958210706711,"y":0.89026939868927,"z":-0.3262871503829956,"w":-0.29836368560791018},"size":150.5151824951172,"orthographic":false}