{"cameraMode":{"drawMode":0,"name":"Shaded","section":"Shading Mode"},"sceneLighting":false,"audioPlay":false,"sceneViewState":{"showFog":true,"showMaterialUpdate":false,"showSkybox":true,"showFlares":true,"showImageEffects":true,"showParticleSystems":true},"in2DMode":false,"pivot":{"x":0.09053194522857666,"y":0.7094964981079102,"z":10.18238639831543},"rotation":{"x":0.14522069692611695,"y":-0.8195854425430298,"z":0.5006873607635498,"w":0.23771344125270844},"size":11.217947959899903,"orthographic":true}