{"cameraMode":{"drawMode":0,"name":"Shaded","section":"Shading Mode"},"sceneLighting":false,"audioPlay":false,"sceneViewState":{"showFog":true,"showMaterialUpdate":false,"showSkybox":true,"showFlares":true,"showImageEffects":true,"showParticleSystems":true},"in2DMode":false,"pivot":{"x":-10.210000038146973,"y":1.0533719062805176,"z":0.16763520240783692},"rotation":{"x":-0.1062406376004219,"y":0.798986554145813,"z":-0.14812472462654115,"w":-0.573060154914856},"size":14.974416732788086,"orthographic":false}