{"cameraMode":{"drawMode":0,"name":"Shaded","section":"Shading Mode"},"sceneLighting":false,"audioPlay":false,"sceneViewState":{"showFog":true,"showMaterialUpdate":false,"showSkybox":true,"showFlares":true,"showImageEffects":true,"showParticleSystems":true},"in2DMode":false,"pivot":{"x":0.2331991195678711,"y":0.15065789222717286,"z":12.064552307128907},"rotation":{"x":0.03765495494008064,"y":-0.9043342471122742,"z":0.08161072432994843,"w":0.4172629117965698},"size":14.253376960754395,"orthographic":false}