{"cameraMode":{"drawMode":0,"name":"Shaded","section":"Shading Mode"},"sceneLighting":false,"audioPlay":false,"sceneViewState":{"showFog":true,"showMaterialUpdate":false,"showSkybox":true,"showFlares":true,"showImageEffects":true,"showParticleSystems":true},"in2DMode":false,"pivot":{"x":0.2331991195678711,"y":0.15065789222717286,"z":12.064552307128907},"rotation":{"x":-0.01729324273765087,"y":-0.9819397926330566,"z":0.15141992270946504,"w":-0.11213391274213791},"size":14.253376960754395,"orthographic":false}