{"cameraMode":{"drawMode":0,"name":"Shaded","section":"Shading Mode"},"sceneLighting":true,"audioPlay":false,"sceneViewState":{"showFog":true,"showMaterialUpdate":false,"showSkybox":true,"showFlares":true,"showImageEffects":true,"showParticleSystems":true},"in2DMode":false,"pivot":{"x":0.41316813230514529,"y":-0.13540935516357423,"z":-1.089665174484253},"rotation":{"x":-0.023839052766561509,"y":0.9646197557449341,"z":-0.24528048932552339,"w":-0.09375499188899994},"size":4.041665077209473,"orthographic":false}