{"cameraMode":{"drawMode":0,"name":"Shaded","section":"Shading Mode"},"sceneLighting":true,"audioPlay":false,"sceneViewState":{"showFog":true,"showMaterialUpdate":false,"showSkybox":true,"showFlares":true,"showImageEffects":true,"showParticleSystems":true},"in2DMode":false,"pivot":{"x":0.6823215484619141,"y":0.9295917749404907,"z":10.30078125},"rotation":{"x":0.14522069692611695,"y":-0.8195854425430298,"z":0.5006873607635498,"w":0.23771344125270844},"size":13.166197776794434,"orthographic":true}