{"cameraMode":{"drawMode":0,"name":"Shaded","section":"Shading Mode"},"sceneLighting":false,"audioPlay":false,"sceneViewState":{"showFog":true,"showMaterialUpdate":false,"showSkybox":true,"showFlares":true,"showImageEffects":true,"showParticleSystems":true},"in2DMode":false,"pivot":{"x":2.787109375,"y":17.446044921875,"z":10.833984375},"rotation":{"x":-0.0018845954909920693,"y":-0.994367241859436,"z":0.017900342121720315,"w":-0.10449513047933579},"size":17.265377044677736,"orthographic":true}