{"cameraMode":{"drawMode":0,"name":"Shaded","section":"Shading Mode"},"sceneLighting":true,"audioPlay":false,"sceneViewState":{"showFog":true,"showMaterialUpdate":false,"showSkybox":true,"showFlares":true,"showImageEffects":true,"showParticleSystems":true},"in2DMode":false,"pivot":{"x":0.76318359375,"y":0.88623046875,"z":1.53955078125},"rotation":{"x":0.13625255227088929,"y":-0.2440609484910965,"z":0.03447535261511803,"w":0.9596096277236939},"size":4.818689823150635,"orthographic":true}