{"cameraMode":{"drawMode":0,"name":"Shaded","section":"Shading Mode"},"sceneLighting":false,"audioPlay":false,"sceneViewState":{"showFog":true,"showMaterialUpdate":false,"showSkybox":true,"showFlares":true,"showImageEffects":true,"showParticleSystems":true},"in2DMode":false,"pivot":{"x":0.011197268962860108,"y":0.49631184339523318,"z":0.188382089138031},"rotation":{"x":-0.01729324273765087,"y":-0.9819397926330566,"z":0.15141992270946504,"w":-0.11213391274213791},"size":2.71186900138855,"orthographic":false}