{"cameraMode":{"drawMode":0,"name":"Shaded","section":"Shading Mode"},"sceneLighting":false,"audioPlay":false,"sceneViewState":{"showFog":true,"showMaterialUpdate":false,"showSkybox":true,"showFlares":true,"showImageEffects":true,"showParticleSystems":true},"in2DMode":false,"pivot":{"x":3.329698085784912,"y":14.930959701538086,"z":13.027301788330079},"rotation":{"x":-0.04321049898862839,"y":-0.9508376121520996,"z":0.15539701282978059,"w":-0.2643847167491913},"size":11.928171157836914,"orthographic":false}